Gender,Technical_Score,KPI_Completion_Pct,Projects_done,Career_Gap_Months,Shortlisted
Male,86,76,5,1.7,1
Male,94,75,5,0.8,1
Female,65,76,6,12.7,0
Male,80,62,3,3.0,1
Male,85,95,3,0.9,1
Female,71,92,3,8.3,1
Male,74,97,3,4.0,1
Female,84,64,5,9.3,1
Female,84,95,6,16.5,0
Female,83,89,5,9.2,1
Male,90,71,9,1.2,1
Male,49,65,2,1.1,1
Male,70,96,8,3.0,1
Female,76,95,4,0.8,1
Male,86,94,8,8.7,1
Male,74,95,5,3.5,1
Female,64,68,4,7.6,0
Male,90,91,4,12.0,1
Female,61,81,6,7.3,1
Female,66,60,1,2.4,1
Male,60,65,6,2.9,1
Male,58,60,6,2.1,1
Male,96,64,4,2.3,1
Female,79,63,1,9.7,0
Male,56,79,6,4.2,1
Female,51,70,4,8.3,0
Male,67,67,7,3.3,1
Male,53,78,5,0.6,1
Male,84,68,5,1.5,1
Female,91,90,6,7.9,1
Female,70,72,7,1.7,1
Female,75,94,1,6.5,1
Female,70,69,4,7.1,1
Male,74,97,3,18.0,0
Male,90,88,7,4.8,1
Female,76,96,2,5.0,1
Female,98,79,3,20.6,0
Male,75,61,7,4.0,1
Male,80,88,5,1.3,1
Male,68,61,5,1.1,1
Female,56,98,8,35.9,0
Male,71,85,7,0.4,1
Male,87,68,6,2.4,1
Male,84,97,7,0.3,1
Male,62,98,5,1.4,1
Male,90,83,6,2.1,1
Female,82,99,4,12.6,1
Female,92,98,2,2.7,1
Female,95,83,3,3.3,1
Male,76,98,2,0.1,1
Male,80,94,5,5.0,1
Female,88,94,3,3.9,1
Male,83,88,7,0.6,1
Male,50,77,7,3.0,1
Male,56,61,8,5.1,1
Female,84,91,3,17.2,0
Female,83,81,6,1.2,1
Male,74,97,5,1.4,1
Male,58,82,7,2.9,1
Female,89,93,3,1.1,1
Female,44,76,1,27.7,0
Female,76,81,5,1.1,1
Female,89,66,4,11.3,1
Male,61,91,2,4.4,1
Female,92,64,5,4.4,1
Female,85,77,2,3.6,1
Male,87,64,7,1.7,1
Female,73,62,3,12.8,0
Male,67,67,7,1.9,1
Male,66,74,4,8.2,1
Female,73,73,1,3.8,1
Male,66,61,5,1.3,1
Female,70,78,7,8.8,1
Male,77,68,3,1.0,1
Male,76,94,7,3.8,1
Female,81,74,6,7.2,1
Male,72,80,5,1.2,1
Male,86,75,4,1.5,1
Female,57,78,6,18.4,0
Female,53,81,3,5.9,1
Male,77,99,5,2.4,1
Female,89,79,6,22.1,0
Female,99,81,6,20.5,0
Female,97,64,5,6.7,1
Male,62,86,4,2.1,1
Male,73,61,4,3.3,1
Male,68,91,8,8.7,1
Female,78,93,4,4.4,1
Female,81,83,7,6.5,1
Male,65,95,7,6.7,1
Female,61,83,4,14.5,0
Female,66,72,5,16.9,0
Female,73,86,6,5.8,1
Male,65,67,4,3.9,1
Female,65,88,9,19.9,0
Female,50,90,2,6.0,1
Female,91,68,4,6.5,1
Female,66,95,1,10.9,0
Female,100,87,5,10.6,1
Male,38,65,5,0.7,1
Female,83,87,6,22.6,0
Male,65,68,5,1.2,1
Female,77,64,2,9.1,1
Male,73,68,4,3.1,1
Male,84,96,5,0.6,1
Female,69,88,1,4.5,1
Female,100,63,7,1.0,1
Female,69,83,7,6.1,1
Female,92,71,8,4.1,1
Male,80,70,7,0.7,1
Female,69,85,5,5.2,1
Female,73,73,3,10.6,0
Male,87,91,4,3.2,1
Female,54,98,5,3.8,1
Female,86,90,5,6.0,1
Male,80,97,3,1.5,1
Male,66,87,2,3.5,1
Male,79,71,6,1.2,1
Female,95,95,5,29.6,0
Female,79,85,7,9.9,1
Female,68,90,7,21.9,0
Female,73,88,4,8.6,1
Male,85,78,5,5.6,1
Female,71,79,5,7.0,1
Female,93,81,2,33.5,0
Female,28,79,1,13.0,0
Male,63,91,2,2.6,1
Male,82,62,10,4.1,1
Male,86,87,3,1.5,1
Female,75,97,5,7.5,1
Male,60,87,4,2.5,1
Male,72,98,3,3.8,1
Female,60,76,9,13.1,0
Female,66,79,5,16.1,0
Female,65,79,4,13.9,0
Male,76,65,5,4.7,1
Female,71,89,5,21.3,0
Male,76,90,7,0.7,1
Male,53,75,4,3.4,1
Male,64,96,6,3.6,1
Female,65,92,7,8.3,1
Male,77,69,5,9.9,0
Male,80,88,6,2.3,1
Male,90,73,5,2.7,1
Female,81,86,8,0.6,1
Male,83,79,6,5.8,1
Female,91,91,8,6.9,1
Female,95,87,1,8.7,1
Female,87,70,2,6.5,1
Female,68,62,3,5.2,1
Female,66,70,3,13.5,0
Male,58,81,2,1.0,1
Female,93,97,4,9.3,1
Male,55,61,10,2.3,1
Female,69,62,4,4.9,1
Female,63,63,9,13.1,0
Female,84,71,2,2.3,1
Female,90,97,5,9.7,1
Female,61,80,4,5.8,1
Male,75,82,6,3.5,1
Male,78,69,3,1.9,1
Male,87,76,3,3.9,1
Male,73,80,7,5.5,1
Female,59,87,8,28.6,0
Female,64,80,7,1.1,1
Male,82,92,6,3.4,1
Female,78,96,4,14.5,0
Male,55,72,5,1.3,1
Female,51,65,5,8.6,0
Female,77,85,5,2.4,1
Male,82,91,4,1.7,1
Female,82,63,5,16.2,0
Female,69,90,3,1.2,1
Male,81,72,5,5.1,1
Male,89,81,6,2.3,1
Female,79,75,2,5.7,1
Female,65,85,5,5.1,1
Female,65,77,5,5.3,1
Female,58,76,5,3.1,1
Male,74,78,5,4.8,1
Male,85,66,4,8.1,1
Male,75,96,5,4.2,1
Male,74,94,2,3.3,1
Female,75,69,3,2.4,1
Female,86,93,1,4.8,1
Male,79,83,3,2.9,1
Male,82,69,6,3.0,1
Male,100,82,3,1.0,1
Female,90,69,8,16.0,0
Female,100,80,2,3.1,1
Female,82,62,6,8.1,1
Male,81,63,5,3.8,1
Male,79,72,7,3.6,1
Male,60,82,10,0.4,1
Female,88,88,2,4.6,1
Male,62,74,3,2.9,1
Male,64,96,8,4.2,1
Male,74,86,8,5.3,1
Male,69,95,6,1.4,1
Male,70,82,5,3.0,1
Male,57,66,3,2.3,1
Female,86,70,6,9.0,1
Male,57,90,6,1.3,1
Male,78,95,2,1.8,1
Male,73,79,5,0.6,1
Female,76,89,2,11.8,1
Female,61,77,2,2.0,1
Male,74,74,5,3.8,1
Female,86,62,3,21.5,0
Female,74,82,4,12.0,0
Female,76,79,6,29.8,0
Female,60,97,7,2.5,1
Female,83,99,2,13.9,1
Male,82,81,5,2.2,1
Male,63,65,6,0.1,1
Male,84,94,11,2.6,1
Male,73,90,5,0.8,1
Male,100,90,3,1.1,1
Male,77,73,6,3.8,1
Male,81,72,4,1.7,1
Male,75,90,3,1.9,1
Female,77,63,3,2.6,1
Female,85,95,6,1.6,1
Female,95,65,1,1.7,1
Male,82,62,8,6.3,1
Male,85,96,7,3.9,1
Male,72,87,4,6.4,1
Female,84,83,9,2.8,1
Female,83,64,4,32.1,0
Female,71,94,4,19.2,0
Female,76,95,5,10.8,1
Male,76,68,3,2.9,1
Male,76,70,5,0.4,1
Female,66,90,4,19.0,0
Male,75,69,5,0.1,1
Female,95,88,5,18.6,0
Male,100,84,3,1.8,1
Male,69,85,3,3.9,1
Female,55,98,5,7.9,1
Female,84,94,6,9.4,1
Female,79,73,2,14.0,0
Male,77,64,2,0.3,1
Female,97,63,0,5.0,1
Female,36,87,2,26.3,0
Female,81,66,6,4.6,1
Male,90,73,3,4.7,1
Male,59,78,3,1.0,1
Female,68,86,9,3.3,1
Male,89,86,5,5.3,1
Female,68,79,8,14.5,0
Male,78,91,6,1.3,1
Male,89,88,6,2.0,1
Female,66,79,7,2.6,1
Female,38,65,4,20.2,0
Female,87,71,2,8.6,1
Male,78,61,7,2.2,1
Male,69,81,3,4.3,1
Female,100,99,3,0.9,1
Male,65,90,4,1.1,1
Female,78,67,5,19.7,0
Female,73,81,10,26.8,0
Female,66,91,6,19.7,0
Male,64,68,2,1.2,1
Female,60,64,9,8.3,0
Male,78,85,5,2.2,1
Male,69,62,3,0.8,1
Male,66,99,2,2.4,1
Female,68,60,2,8.6,0
Male,58,78,5,2.9,1
Male,84,60,6,2.3,1
Female,70,66,3,7.0,1
Female,70,61,9,1.5,1
Male,61,79,8,3.0,1
Female,70,82,5,9.1,1
Male,88,97,3,2.3,1
Female,65,85,5,22.5,0
Male,73,94,7,1.5,1
Female,53,91,5,6.7,1
Male,74,89,5,3.8,1
Female,96,90,4,3.4,1
Male,78,84,3,4.5,1
Male,79,98,2,2.4,1
Female,79,64,2,2.8,1
Male,80,84,2,17.2,0
Female,56,93,5,0.6,1
Male,62,68,10,7.4,0
Male,72,77,5,1.8,1
Male,61,87,6,3.5,1
Female,66,95,3,9.9,1
Male,71,80,6,0.5,1
Male,74,82,6,3.2,1
Female,66,67,9,8.3,0
Female,63,72,13,6.3,1
Female,95,74,3,10.0,1
Male,82,75,3,4.2,1
Female,77,68,2,3.0,1
Male,58,89,3,4.0,1
Female,81,93,6,2.7,1
Female,66,95,5,9.2,1
Male,63,86,5,2.7,1
Female,69,92,6,7.4,1
Female,98,65,6,18.5,0
Female,77,79,4,4.3,1
Female,81,75,4,16.4,0
Male,100,98,5,2.7,1
Female,83,74,4,14.8,0
Female,79,77,6,2.9,1
Female,71,71,3,5.1,1
Female,83,88,4,6.9,1
Male,75,61,9,0.8,1
Female,84,76,4,8.1,1
Female,64,91,5,5.1,1
Male,87,69,4,3.2,1
Female,80,71,2,15.9,0
Male,85,87,2,1.1,1
Male,62,82,4,1.8,1
Female,81,78,6,21.2,0
Male,82,68,7,1.7,1
Male,80,79,8,1.9,1
Female,90,76,7,4.3,1
Female,64,82,1,4.6,1
Male,68,60,4,0.6,1
Male,77,64,6,7.3,1
Male,100,68,2,2.8,1
Female,96,83,8,2.9,1
Male,76,78,7,2.7,1
Female,88,93,7,5.6,1
Female,69,78,5,3.1,1
Female,56,70,5,7.0,0
Male,78,81,1,2.4,1
Female,80,63,0,18.9,0
Female,63,81,1,4.5,1
Female,68,62,7,19.8,0
Female,74,76,10,10.4,0
Male,54,83,3,4.2,1
Female,61,67,6,0.3,1
Male,74,78,5,5.5,1
Female,78,93,1,3.7,1
Male,85,72,8,4.3,1
Male,51,64,4,0.4,1
Male,89,66,6,8.3,1
Female,68,93,4,7.0,1
Female,65,67,3,2.1,1
Female,63,74,6,11.5,0
Female,62,98,7,1.2,1
Male,92,89,4,3.7,1
Male,81,96,6,7.3,1
Male,66,84,5,2.6,1
Female,72,92,9,5.0,1
Male,60,87,10,1.1,1
Male,80,65,3,2.7,1
Male,77,97,7,0.4,1
Male,91,96,4,0.3,1
Male,83,92,5,2.5,1
Female,99,66,7,7.8,1
Female,87,80,7,5.9,1
Male,75,83,7,0.6,1
Female,67,66,5,15.4,0
Male,37,72,6,2.3,1
Female,84,67,5,15.0,0
Male,49,66,7,2.4,1
Male,73,69,3,0.8,1
Male,69,83,4,1.6,1
Male,84,76,7,2.9,1
Male,89,79,7,0.4,1
Male,75,82,3,4.5,1
Male,79,89,6,5.5,1
Male,72,73,8,2.6,1
Male,82,68,4,1.4,1
Female,60,83,8,1.8,1
Female,63,92,6,19.1,0
Female,73,88,6,14.6,0
Male,75,71,7,2.6,1
Female,75,83,5,1.7,1
Male,81,85,6,0.6,1
Female,75,69,9,7.2,1
Male,73,74,4,3.6,1
Female,66,85,4,8.4,1
Male,80,70,1,5.6,1
Male,67,89,5,0.5,1
Male,74,63,2,5.5,1
Female,86,94,0,4.8,1
Female,70,73,8,13.4,0
Female,83,78,4,10.6,1
Female,58,68,3,13.9,0
Male,48,65,4,4.5,0
Male,89,88,5,2.5,1
Female,76,96,5,10.7,1
Female,90,99,4,20.7,0
Female,79,75,9,8.8,1
Female,79,70,5,1.1,1
Female,80,73,5,5.1,1
Male,64,69,4,6.9,1
Female,90,97,7,5.4,1
Female,89,93,6,13.6,1
Male,74,98,1,1.5,1
Female,54,99,4,7.2,1
Male,74,92,5,2.7,1
Female,44,97,5,6.5,1
Female,71,81,2,14.8,0
Female,69,73,7,4.9,1
Female,65,64,7,8.0,0
Female,64,77,3,7.3,1
Female,76,64,6,7.5,1
Female,77,60,2,4.2,1
Male,76,64,2,0.2,1
Male,96,60,2,3.1,1
Male,84,65,7,2.6,1
Male,89,93,4,3.5,1
Female,60,60,3,24.8,0
Female,68,95,1,2.7,1
Female,68,96,2,4.9,1
Male,62,86,3,1.6,1
Female,54,90,4,10.5,0
Female,52,61,5,2.4,1
Female,82,76,9,24.0,0
Male,57,63,5,1.2,1
Female,68,90,6,4.6,1
Female,76,80,8,3.0,1
Male,85,66,2,0.3,1
Male,52,74,7,0.5,1
Male,63,68,7,3.6,1
Female,78,81,7,12.9,0
Female,77,72,6,6.5,1
Male,88,85,7,3.2,1
Male,82,74,6,0.9,1
Male,92,68,4,2.7,1
Male,65,84,2,5.8,1
Male,81,85,5,0.7,1
Male,59,91,4,0.4,1
Female,89,85,3,13.5,1
Female,56,71,4,12.2,0
Male,55,72,4,5.9,1
Male,79,69,4,5.2,1
Female,72,84,4,8.9,1
Female,81,65,9,12.1,0
Male,63,94,4,3.6,1
Female,72,71,2,4.6,1
Female,100,80,2,2.6,1
Male,77,74,3,5.9,1
Female,86,85,4,13.1,1
Female,67,73,7,2.9,1
Female,72,68,4,28.7,0
Female,61,78,9,5.9,1
Male,73,86,3,5.1,1
Male,78,64,5,2.8,1
Male,100,97,8,0.6,1
Female,91,89,5,7.3,1
Female,77,75,3,4.1,1
Female,93,96,6,3.8,1
Male,74,86,5,0.8,1
Female,55,93,8,9.9,0
Female,78,67,9,6.1,1
Female,94,81,7,3.9,1
Male,77,77,6,0.8,1
Male,66,61,3,0.2,1
Female,68,83,9,21.1,0
Female,74,70,5,10.9,0
Female,71,77,2,2.2,1
Female,75,84,5,16.8,0
Male,76,67,3,2.0,1
Female,69,94,8,9.0,1
Female,64,95,1,5.8,1
Male,79,98,2,2.6,1
Male,71,77,7,2.5,1
Male,86,72,6,1.2,1
Male,80,61,1,13.5,0
Male,80,71,4,0.9,1
Male,54,79,6,3.6,1
Male,79,70,2,1.6,1
Male,100,71,5,5.4,1
Male,76,89,7,4.0,1
Female,84,84,4,2.0,1
Male,82,68,7,0.9,1
Female,86,96,6,30.3,0
Female,78,78,8,7.1,1
Female,68,99,3,6.6,1
Female,72,78,9,13.0,0
Female,61,80,6,8.0,1
Male,82,89,2,3.5,1
Male,56,68,6,11.1,0
Female,75,67,12,9.3,0
Male,96,62,5,3.8,1
Male,55,86,3,4.5,1
Male,86,66,7,5.8,1
Male,80,71,6,4.6,1
Female,75,65,4,23.2,0
Male,62,86,5,2.7,1
Female,83,61,4,3.8,1
Female,77,85,3,7.6,1
Female,100,76,6,7.5,1
Male,71,91,5,1.4,1
Male,81,79,3,2.8,1
Female,64,92,7,6.4,1
Male,76,62,5,2.8,1
Female,57,96,5,4.8,1
Female,51,88,4,16.0,0
Male,73,61,5,4.1,1
Male,93,88,4,2.9,1
Female,64,86,3,9.3,1
Female,74,94,5,7.1,1
Female,72,65,6,22.8,0
Female,81,81,7,4.0,1
Female,92,79,4,28.2,0
Female,80,67,4,12.5,0
Male,50,62,8,2.6,1
Male,79,86,8,5.0,1
Male,66,78,1,1.8,1
Female,70,71,4,33.2,0
Female,100,98,7,12.3,1
Female,84,88,3,8.5,1
Female,86,62,12,24.9,0
Male,91,93,5,4.3,1
Male,96,98,2,6.1,1
Male,82,69,6,2.1,1
Female,51,62,7,21.1,0
Male,69,63,2,2.3,1
Male,70,83,3,4.7,1
Female,64,85,11,3.2,1
Female,67,98,3,2.4,1
Female,73,81,3,24.6,0
Female,83,79,4,2.5,1
Female,85,81,8,6.7,1
Male,83,84,5,1.2,1
Male,98,87,7,5.7,1
Female,100,87,6,17.8,0
Female,71,96,7,10.6,1
Female,63,77,9,8.4,0
Female,84,70,6,10.2,1
Female,89,99,3,29.5,0
Male,48,61,7,1.2,1
Male,91,78,7,4.5,1
Male,69,74,7,3.0,1
Male,64,82,8,3.4,1
Male,64,84,5,1.3,1
Male,76,92,13,2.8,1
Female,81,84,4,8.6,1
Female,81,70,4,9.7,1
Female,84,95,5,32.0,0
Female,62,61,3,3.6,1
Female,79,92,12,7.0,1
Male,91,72,5,4.1,1
Female,74,68,4,8.9,1
Female,59,74,4,3.5,1
Male,98,73,5,0.7,1
Female,65,67,2,5.1,1
Female,51,96,3,4.2,1
Male,59,81,1,1.4,1
Male,75,71,7,5.9,1
Female,72,83,2,13.7,0
Male,63,67,7,4.4,1
Male,83,99,4,0.9,1
Female,78,94,1,7.8,1
Female,55,79,5,7.8,0
Female,75,69,3,14.7,0
Female,84,78,8,3.9,1
Female,90,79,4,22.9,0
Male,64,73,2,1.3,1
Female,100,60,4,14.9,0
Female,78,82,7,6.1,1
Male,69,66,4,2.8,1
Female,67,98,4,23.1,0
Female,53,82,7,16.3,0
Female,75,98,4,0.8,1
Male,78,91,2,1.9,1
Female,70,65,8,16.1,0
Female,77,82,4,3.7,1
Female,85,75,8,18.6,0
Female,85,95,2,4.0,1
Male,47,71,2,2.2,1
Female,73,98,6,6.8,1
Male,64,89,4,2.5,1
Female,66,63,2,11.6,0
Female,83,77,3,3.4,1
Male,69,98,9,3.2,1
Male,85,98,6,4.6,1
Male,66,88,4,4.5,1
Male,69,65,3,5.6,1
Male,70,96,6,3.4,1
Male,86,97,6,2.2,1
Male,91,97,4,1.4,1
Male,92,94,2,1.0,1
Female,63,73,4,2.8,1
Male,89,88,4,6.9,1
Female,77,98,4,12.2,1
Female,72,98,5,5.8,1
Male,77,62,2,4.8,1
Female,77,86,2,12.1,0
Female,74,93,9,9.2,1
Female,78,63,4,18.9,0
Male,87,69,3,3.1,1
Male,100,83,4,5.1,1
Male,65,77,6,4.7,1
Male,76,88,6,0.4,1
Female,100,69,6,17.9,0
Female,55,78,3,4.1,1
Male,65,97,7,4.5,1
Female,77,76,4,12.3,0
Male,59,88,8,5.1,1
Female,59,64,7,21.7,0
Male,89,80,3,1.3,1
Female,85,73,7,9.1,1
Male,84,70,8,3.7,1
Male,79,81,6,8.5,1
Female,92,82,3,23.4,0
Female,79,93,5,9.1,1
Male,63,60,5,2.6,1
Male,89,83,8,2.3,1
Male,71,72,6,5.2,1
Male,86,65,3,0.5,1
Male,85,72,8,10.0,1
Male,68,95,4,2.8,1
Male,57,67,4,3.2,1
Female,69,87,5,9.1,1
Female,81,78,5,3.1,1
Female,73,72,7,5.6,1
Male,85,60,2,0.4,1
Female,73,85,4,17.6,0
Male,86,99,3,5.1,1
Female,71,67,2,4.4,1
Female,64,90,4,16.7,0
Female,62,68,7,9.3,0
Male,78,69,8,2.0,1
Male,74,92,3,4.7,1
Female,64,72,8,12.0,0
Female,63,87,5,16.7,0
Female,63,87,7,1.6,1
Female,88,86,7,4.3,1
Female,62,65,7,15.0,0
Female,76,70,6,12.5,0
Male,65,92,4,3.7,1
Male,88,99,8,0.7,1
Male,100,83,4,1.0,1
Male,68,65,7,3.5,1
Male,91,61,6,1.5,1
Female,64,62,3,2.1,1
Male,83,96,5,2.2,1
Female,89,75,10,1.0,1
Male,83,83,0,2.1,1
Female,70,71,7,4.9,1
Male,60,87,4,7.8,1
Male,75,68,5,1.3,1
Female,84,74,5,5.2,1
Male,49,92,7,2.4,1
Female,38,91,2,19.5,0
Male,80,73,5,4.1,1
Female,75,65,6,4.3,1
Male,76,60,5,1.9,1
Female,66,76,5,6.6,1
Male,70,96,6,0.8,1
Male,88,94,3,4.1,1
Female,62,64,3,4.3,1
Female,75,80,2,4.2,1
Female,76,64,3,5.4,1
Female,62,66,6,5.3,1
Female,74,64,2,15.9,0
Male,65,84,7,2.4,1
Male,64,98,8,4.2,1
Male,83,65,5,9.4,1
Male,81,88,9,4.6,1
Female,90,83,3,5.2,1
Female,100,72,8,6.2,1
Female,61,80,5,8.5,0
Male,85,75,7,4.6,1
Female,83,61,2,11.5,0
Male,78,74,7,1.5,1
Male,60,97,6,0.9,1
Female,88,72,12,1.4,1
Male,71,79,8,1.4,1
Male,71,72,6,0.5,1
Female,58,71,5,9.0,0
Male,91,89,3,1.0,1
Female,67,90,3,4.8,1
Female,85,91,3,10.7,1
Female,94,92,4,9.7,1
Male,82,60,6,3.6,1
Female,64,97,5,8.8,1
Female,77,79,3,3.3,1
Female,49,84,11,6.4,1
Female,86,62,3,14.1,0
Male,47,78,8,2.0,1
Male,100,61,3,1.4,1
Male,80,82,9,1.0,1
Male,52,96,5,0.1,1
Male,62,89,4,7.6,1
Male,77,62,6,1.3,1
Male,75,84,5,1.3,1
Male,92,89,9,2.0,1
Male,100,85,4,4.2,1
Male,69,84,6,0.6,1
Male,78,95,2,15.7,0
Female,92,74,3,3.5,1
Male,72,74,4,6.0,1
Male,95,62,4,7.1,1
Female,67,88,3,15.7,0
Male,76,61,8,7.0,1
Male,85,99,6,7.1,1
Male,59,99,8,2.2,1
Male,80,86,3,1.4,1
Male,71,99,4,2.3,1
Male,62,79,3,4.7,1
Female,62,96,6,3.0,1
Male,77,95,6,0.4,1
Female,65,72,6,11.3,0
Male,74,85,7,0.7,1
Male,79,88,11,0.8,1
Female,83,75,11,12.2,0
Male,68,76,1,3.1,1
Female,82,88,4,15.2,0
Female,95,67,3,16.3,0
Female,68,77,1,18.0,0
Male,77,66,4,1.6,1
Female,87,67,2,6.4,1
Male,71,66,6,1.2,1
Male,91,84,4,8.4,1
Female,93,94,6,3.5,1
Male,85,78,6,1.3,1
Male,100,67,3,1.1,1
Male,72,81,3,0.9,1
Female,64,63,2,0.6,1
Male,64,95,5,4.2,1
Female,82,96,5,16.6,0
Female,55,75,4,1.9,1
Female,76,97,5,13.6,0
Male,78,90,8,0.5,1
Female,91,82,4,4.6,1
Male,56,96,3,0.1,1
Female,66,78,3,10.8,0
Female,65,63,2,11.9,0
Female,53,95,5,6.5,1
Male,91,79,4,1.4,1
Male,78,80,7,8.2,1
Female,66,78,11,7.2,1
Female,78,64,4,4.8,1
Female,70,79,2,10.8,0
Female,76,82,5,2.8,1
Female,54,76,4,4.5,1
Female,63,64,1,1.2,1
Female,81,97,8,13.2,1
Male,78,93,6,3.1,1
Male,85,95,5,2.7,1
Female,70,72,3,1.8,1
Female,73,74,6,13.6,0
Female,61,91,5,7.5,1
Male,100,83,4,1.5,1
Male,63,67,6,0.3,1
Male,96,77,6,3.1,1
Female,58,86,5,8.8,0
Female,86,66,8,6.8,1
Male,79,62,5,3.7,1
Male,64,88,3,4.9,1
Male,57,87,7,4.5,1
Male,77,74,6,1.8,1
Female,72,80,5,7.9,1
Male,88,79,3,7.9,1
Female,71,97,5,8.1,1
Female,83,88,5,0.7,1
Male,45,72,6,2.8,1
Female,61,91,6,9.0,1
Female,72,88,6,30.1,0
Female,53,70,5,35.9,0
Female,78,84,3,22.9,0
Female,75,72,7,5.8,1
Female,69,60,2,21.6,0
Female,60,76,10,23.8,0
Male,77,82,4,3.8,1
Female,68,77,7,5.6,1
Male,74,67,9,0.2,1
Female,88,81,4,13.8,0
Male,74,90,4,0.6,1
Male,75,82,10,2.3,1
Female,66,81,6,5.6,1
Male,65,70,3,1.2,1
Male,65,71,5,4.3,1
Female,77,95,6,7.5,1
Female,53,66,6,12.3,0
Male,43,66,3,4.9,0
Female,86,95,3,11.6,1
Male,74,69,6,0.3,1
Female,62,63,3,13.2,0
Female,69,63,5,26.2,0
Female,78,77,5,1.7,1
Female,66,90,4,7.6,1
Male,74,76,2,7.2,1
Female,71,71,1,3.7,1
Male,79,89,4,11.5,1
Male,72,86,10,3.2,1
Male,80,79,8,3.9,1
Male,78,68,3,1.4,1
Male,73,88,4,0.6,1
Male,89,77,4,5.0,1
Female,70,79,4,8.9,1
Female,84,75,4,2.5,1
Female,67,60,2,10.2,0
Female,74,88,6,5.1,1
Female,75,81,6,12.9,0
Female,75,71,3,2.9,1
Female,85,78,5,4.3,1
Female,73,91,5,5.6,1
Female,83,71,6,1.6,1
Female,81,84,7,14.6,0
Male,85,95,5,6.4,1
Female,65,72,5,11.5,0
Female,72,99,5,1.7,1
Female,95,90,6,21.5,0
Male,63,71,3,3.8,1
Female,80,74,3,21.8,0
Female,68,92,5,10.9,0
Female,79,75,4,9.9,1
Female,84,64,2,11.8,0
Female,65,63,10,41.9,0
Female,59,81,5,23.9,0
Male,77,78,5,8.4,1
Male,63,77,9,1.8,1
Female,69,79,4,20.9,0
Male,73,68,3,4.2,1
Male,77,82,2,1.3,1
Female,82,65,5,17.2,0
Female,74,65,11,16.6,0
Male,77,98,4,2.6,1
Male,72,93,8,1.4,1
Male,76,72,7,3.6,1
Male,57,82,3,7.8,0
Female,98,70,7,6.6,1
Female,85,94,2,16.7,0
Female,78,61,4,4.3,1
Female,62,75,2,7.9,0
Male,84,96,4,8.5,1
Male,78,60,5,2.5,1
Female,86,72,4,17.3,0
Male,82,85,7,0.3,1
Male,76,83,4,4.6,1
Female,79,76,0,7.3,1
Female,94,79,6,5.0,1
Female,76,70,7,10.9,0
Male,69,81,2,7.7,1
Female,73,83,8,7.2,1
Female,75,76,3,6.8,1
Male,86,86,2,1.1,1
Male,54,66,8,3.7,1
Male,71,62,2,1.0,1
Female,78,99,10,15.9,0
Female,90,98,5,6.2,1
Male,100,60,7,0.6,1
Female,69,68,3,10.9,0
Male,80,84,4,3.3,1
Male,62,77,3,5.2,1
Female,73,67,4,16.4,0
Male,92,70,6,0.6,1
Male,99,83,6,1.3,1
Male,74,83,9,1.8,1
Female,80,73,4,25.1,0
Female,73,74,3,9.8,0
Male,66,65,6,3.2,1
Male,64,92,1,3.0,1
Male,100,78,8,1.8,1
Male,99,86,3,1.3,1
Male,73,68,4,1.0,1
Male,65,94,4,8.5,1
Male,73,63,6,2.4,1
Female,89,87,7,0.8,1
Male,74,95,2,5.8,1
Female,77,61,5,7.8,1
Female,62,73,5,6.0,1
Male,66,71,4,2.3,1
Female,97,74,6,26.5,0
Male,83,78,5,4.6,1
Female,79,77,3,17.3,0
Male,75,74,4,1.1,1
Male,79,74,3,1.2,1
Male,56,76,7,5.6,1
Female,79,85,8,2.6,1
Female,60,86,4,16.4,0
Male,85,91,3,1.3,1
Male,82,73,4,4.3,1
Female,64,85,5,6.8,1
Female,77,71,4,10.9,0
Female,61,91,4,11.4,0
Female,61,89,4,12.6,0
Male,68,72,4,1.9,1
Male,66,98,1,1.3,1
Male,68,93,0,9.7,1
Female,86,78,3,0.9,1
Female,80,94,3,6.4,1
Male,90,74,8,3.3,1
Male,80,76,8,2.7,1
Male,52,60,7,3.7,1
Male,67,74,6,1.2,1
Female,86,99,2,2.6,1
Female,73,76,6,12.8,0
Male,83,63,10,1.8,1
Male,73,88,4,2.0,1
Female,86,99,5,5.4,1
Female,81,73,6,5.3,1
Female,78,97,3,13.3,0
Female,77,98,3,4.8,1
Female,82,82,7,20.0,0
Female,73,63,7,8.5,0
Female,75,87,4,4.0,1
Female,74,70,11,14.4,0
Male,72,99,5,2.8,1
Male,74,84,4,3.0,1
Male,73,98,3,1.3,1
Male,97,85,1,12.5,1
Female,89,69,8,6.8,1
Male,84,91,5,2.8,1
Female,68,67,8,5.0,1
Male,62,74,6,3.6,1
Female,79,72,2,19.3,0
Female,65,86,3,14.1,0
Female,74,82,5,4.0,1
Male,66,89,3,1.6,1
Female,80,73,3,1.6,1
Male,96,79,4,1.0,1
Female,84,62,10,11.1,0
Female,84,81,5,10.2,1
Male,100,97,7,0.9,1
Female,73,75,9,3.0,1
Female,80,63,6,8.1,1
Male,68,78,5,2.9,1
Female,85,81,1,8.1,1
Female,83,82,2,15.0,0
Male,73,85,8,0.5,1
Female,67,82,8,19.9,0
Female,47,92,4,8.8,0
Male,64,78,4,6.6,1
Female,88,72,5,13.4,0
Female,77,82,7,5.0,1
Male,76,75,7,5.0,1
Male,79,92,6,1.6,1
Female,74,74,3,7.3,1
Male,81,84,4,0.6,1
Female,79,98,11,14.2,0
Male,68,92,2,0.8,1
Female,73,74,7,5.0,1
Male,68,87,8,5.4,1
Male,74,93,4,1.6,1
Female,64,73,6,1.4,1
Male,70,72,6,2.4,1
Female,64,92,10,21.4,0
Male,68,60,6,3.3,1
Male,71,80,2,3.7,1
Female,69,87,3,13.8,0
Female,60,84,1,30.3,0
Male,71,98,8,1.6,1
Male,71,68,3,3.7,1
Female,69,77,4,3.1,1
Female,55,63,13,4.5,1
Female,48,98,7,2.3,1
Female,89,81,5,9.0,1
Female,52,86,6,5.8,1
Female,64,90,3,9.1,1
Male,69,89,5,1.2,1
Female,68,67,6,6.9,1
Male,72,90,6,1.2,1
Male,91,91,8,1.4,1
Male,42,88,7,1.8,1
Female,64,82,5,5.5,1
Male,100,96,5,2.8,1
Male,74,80,8,3.4,1
Male,77,99,4,0.9,1
Male,77,72,6,3.3,1
Female,70,76,4,11.3,0
Female,83,77,6,4.1,1
Male,65,94,2,5.2,1
Male,78,98,5,0.6,1
Male,76,90,3,0.7,1
Female,80,69,9,10.9,0
Female,86,65,4,32.1,0
Female,87,66,4,16.7,0
Male,75,92,9,5.5,1
Female,77,67,9,2.7,1
Male,66,75,4,1.7,1
Female,85,92,7,11.4,1
Male,75,91,4,10.1,1
Female,57,92,4,14.8,0
Male,56,61,2,6.2,0
Male,80,73,4,0.3,1
Male,100,61,3,4.4,1
Female,53,87,6,8.1,0
Male,75,74,5,4.3,1
Female,64,61,4,24.4,0
Male,65,72,6,3.3,1
Female,68,91,2,11.0,0
Female,74,99,4,16.1,0
Male,60,62,3,2.7,1
Male,72,83,3,1.8,1
Male,82,81,6,2.2,1
Female,66,87,6,11.5,0
Male,71,68,10,1.3,1
Female,99,79,6,1.7,1
Female,83,74,5,5.0,1
Male,60,80,5,0.8,1
Male,69,97,5,5.0,1
Male,53,90,10,4.6,1
Female,71,76,7,18.7,0
Male,89,69,5,1.2,1
Male,81,99,6,0.1,1
Female,60,70,7,5.8,1
Male,94,79,3,2.6,1
Male,75,68,3,0.4,1
Male,61,77,5,0.9,1
Female,82,94,4,16.5,0
Female,67,98,2,6.0,1
Female,61,99,4,4.0,1
Female,76,89,7,8.8,1
Female,76,64,1,3.5,1
Female,63,60,2,17.4,0
Male,85,87,7,0.8,1
Male,66,89,6,2.1,1
Female,71,90,6,4.3,1
Male,57,81,8,0.9,1
Male,88,95,7,0.3,1
Female,81,63,7,9.5,1
Male,68,97,6,0.5,1
Male,78,69,3,5.8,1
Male,51,64,6,0.5,1
Male,92,75,8,2.0,1
Female,79,98,7,10.9,1
Female,79,91,7,7.5,1
Male,66,80,4,0.3,1
Female,81,87,5,6.6,1
Male,90,66,7,3.4,1
Female,83,63,3,17.6,0
Female,79,72,3,10.1,1
Male,76,93,2,1.1,1
Male,76,77,7,1.4,1
Male,92,67,6,6.8,1
Male,54,80,5,0.6,1
Male,75,79,5,1.0,1
Male,74,74,4,2.5,1
Female,93,91,2,3.9,1
Female,79,63,1,2.7,1
Female,69,71,2,5.7,1
Male,63,88,2,3.2,1
Female,70,67,7,20.2,0
Female,72,98,6,10.6,1
Female,64,95,5,15.5,0
Male,80,88,6,3.7,1
Male,74,85,4,3.1,1
Male,80,70,3,5.2,1
Female,83,97,10,10.8,1
Female,76,64,5,9.3,0
Female,49,61,4,22.0,0
Female,57,70,3,25.7,0
Female,87,95,5,4.9,1
Female,68,61,5,20.1,0
Male,67,60,3,1.6,1
Female,89,67,3,12.2,0
Female,59,68,5,10.5,0
Male,86,97,4,3.0,1
Female,82,84,4,23.3,0
Female,69,94,3,17.8,0
Female,64,66,5,12.5,0
Male,95,98,2,3.3,1
Female,83,91,5,14.2,0
Female,84,79,3,9.8,1
Male,78,61,6,7.4,1
Female,71,71,3,8.6,1
Male,77,65,5,1.1,1
Female,64,96,6,4.0,1
Female,70,68,7,1.4,1
Female,79,75,3,12.9,0
Male,90,85,4,1.4,1
Male,75,61,6,3.1,1
Male,93,76,1,6.1,1
Female,64,94,4,27.3,0
Female,77,73,5,6.1,1
Female,82,87,8,16.8,0
Female,92,95,6,5.7,1
Female,85,65,3,20.5,0
Female,77,92,6,5.4,1
Male,58,92,1,6.0,1
Male,67,82,4,0.2,1
Male,87,97,5,2.5,1
Female,67,67,4,15.0,0
Female,59,96,5,16.6,0
Female,85,91,5,5.3,1
Female,86,63,5,5.7,1
Female,66,89,7,2.2,1
Female,98,71,12,0.2,1
Male,89,75,3,1.6,1
Female,60,78,8,11.2,0
Male,58,99,3,2.9,1
Female,70,75,3,15.2,0
Female,65,61,4,5.0,1
Male,73,81,6,5.4,1
Male,87,84,3,2.5,1
Male,82,97,5,5.4,1
Female,66,67,8,22.5,0
Male,71,64,11,2.5,1
Female,58,82,6,6.9,1
Female,81,74,6,5.9,1
Male,86,75,8,6.3,1
Female,99,70,3,8.1,1
Female,82,91,5,12.2,1
Female,45,82,3,16.1,0
Female,63,87,3,11.9,0
Female,58,60,3,3.5,1
Male,50,66,3,0.2,1
Male,65,73,9,1.5,1
Male,84,69,4,2.3,1
Male,90,97,6,1.3,1
Female,85,92,2,5.0,1
Male,76,73,7,5.5,1
Female,60,91,3,13.2,0
Male,81,65,6,4.8,1
Female,76,98,2,6.2,1
Male,83,78,6,0.7,1
Female,55,94,9,11.8,0
Female,88,75,7,16.0,0
Female,93,73,2,8.1,1
Female,85,99,6,4.7,1
Female,58,70,5,29.5,0
Male,75,74,6,1.6,1
Male,66,88,5,1.2,1
Female,84,86,6,24.1,0
Female,52,60,7,13.7,0
Female,76,97,5,14.3,0
Female,74,92,5,5.3,1
Male,75,74,3,0.1,1
Female,52,78,4,5.6,1
Male,71,85,4,2.0,1
Female,83,72,4,18.1,0
Male,81,68,7,1.8,1
Female,93,60,8,8.4,1
Male,77,90,4,0.9,1
Female,70,85,3,6.7,1
Female,75,96,3,3.4,1
Female,80,77,4,3.6,1
Female,79,79,8,1.7,1
Female,67,97,4,3.9,1
Female,64,71,5,4.1,1
Female,78,74,7,10.2,1
Female,68,75,4,20.7,0
Female,79,93,11,9.4,1
Male,71,82,6,7.3,1
Male,80,71,9,3.1,1
Female,57,94,8,8.4,1
Female,47,67,4,9.1,0
Male,100,81,3,0.7,1
Male,69,78,4,0.8,1
Male,95,95,4,2.6,1
Female,61,87,5,4.2,1
Female,60,66,2,2.8,1
Male,56,61,6,1.8,1
Female,73,99,7,7.1,1
Female,89,83,1,6.8,1
Male,85,94,6,1.2,1
Female,80,85,7,9.8,1
Female,97,78,7,3.5,1
Male,74,63,4,0.5,1
Female,79,87,7,7.7,1
Female,58,64,6,19.6,0
Male,100,89,6,2.2,1
Male,88,75,5,11.1,1
Female,51,74,4,8.9,0
Female,67,95,4,19.6,0
Male,91,64,0,3.9,1
Male,65,70,2,5.8,1
Male,71,84,5,3.1,1
Male,68,97,8,5.1,1
Male,53,88,8,1.3,1
Male,77,85,6,0.6,1
Female,77,80,4,9.1,1
Male,59,65,8,1.1,1
Male,58,91,2,1.7,1
Female,69,78,1,15.1,0
Male,69,93,6,1.2,1
Female,66,99,5,14.0,0
Female,81,78,4,7.0,1
Female,97,64,5,14.1,0
Male,69,76,1,2.2,1
Male,75,88,5,3.4,1
Male,82,65,7,2.2,1
Male,73,75,8,2.5,1
Male,68,64,8,7.1,1
Female,67,86,4,8.1,1
Female,66,76,2,17.9,0
Male,79,82,7,0.4,1
Female,68,72,3,2.3,1
Male,83,65,5,0.6,1
Male,65,73,9,5.2,1
Male,60,65,2,0.4,1
Male,84,81,7,1.9,1
Female,100,79,7,11.9,1
Male,77,95,1,0.4,1
Female,83,72,7,7.8,1
Male,70,99,6,5.9,1
Female,96,68,2,8.1,1
Male,90,71,7,0.3,1
Female,79,70,6,5.8,1
Male,64,73,8,1.0,1
Male,56,98,5,0.1,1
Female,63,72,4,5.0,1
Female,67,72,3,6.4,1
Male,55,72,4,3.2,1
Female,70,61,2,11.8,0
Male,76,70,7,1.7,1
Male,54,63,4,2.0,1
Male,76,73,3,3.2,1
Female,68,85,9,8.0,1
Male,80,75,5,3.3,1
Male,73,72,3,0.1,1
Male,99,83,8,1.1,1
Female,89,82,5,6.2,1
Male,75,96,7,13.8,0
Female,63,99,6,6.1,1
Female,65,94,5,4.9,1
Male,73,84,5,0.8,1
Female,74,68,4,12.9,0
Female,58,76,7,7.1,1
Male,94,76,3,0.9,1
Male,75,68,2,0.3,1
Male,66,89,3,3.7,1
Female,82,63,5,1.7,1
Female,84,86,3,1.9,1
Female,94,86,7,7.7,1
Female,80,65,6,30.6,0
Female,60,61,4,5.1,1
Male,78,75,3,2.1,1
Male,62,88,5,1.3,1
Female,87,79,8,6.7,1
Female,61,91,5,26.6,0
Male,87,85,7,2.3,1
Female,79,92,4,16.0,0
Male,68,77,4,3.4,1
Male,87,94,4,2.2,1
Male,74,99,2,2.6,1
Female,72,77,4,5.6,1
Female,60,99,6,3.6,1
Female,72,73,1,4.8,1
Female,68,86,4,9.4,1
Female,85,70,5,15.3,0
Male,72,95,9,5.8,1
Female,79,70,7,16.8,0
Male,70,92,9,2.4,1
Female,83,73,9,18.1,0
Male,59,72,6,0.2,1
Female,86,74,8,9.1,1
Male,70,75,8,0.8,1
Male,77,72,7,7.6,1
Male,84,71,3,4.4,1
Female,69,92,3,7.3,1
Female,59,75,5,4.3,1
Female,86,70,4,10.3,1
Female,65,90,2,11.1,0
Female,84,99,8,9.4,1
Male,82,71,4,3.1,1
Female,65,66,3,7.2,1
Male,68,75,9,1.4,1
Female,77,82,5,6.7,1
Female,70,83,4,4.7,1
Female,69,67,8,12.6,0
Female,91,79,4,4.9,1
Female,83,61,4,7.5,1
Female,97,94,6,13.5,1
Male,68,79,6,12.9,0
Female,76,78,7,18.1,0
Male,87,67,10,1.1,1
Female,79,67,4,5.2,1
Female,68,98,7,3.0,1
Male,84,87,3,2.1,1
Female,69,90,5,10.2,1
Female,84,82,6,7.0,1
Male,91,67,4,4.1,1
Male,60,68,4,1.7,1
Female,59,85,7,6.3,1
Male,62,60,4,0.4,1
Male,100,72,5,2.0,1
Male,71,62,2,0.7,1
Male,71,93,6,6.4,1
Female,84,89,3,14.5,0
Female,53,64,3,8.4,0
Female,99,88,3,18.3,0
Male,53,92,2,1.8,1
Male,92,77,6,3.2,1
Male,79,76,2,1.7,1
Male,84,84,4,2.1,1
Male,72,85,5,5.3,1
Male,90,62,5,4.1,1
Female,77,78,3,13.8,0
Female,76,99,6,12.2,1
Female,60,66,3,4.1,1
Male,84,67,6,0.6,1
Male,86,64,7,2.4,1
Male,78,73,3,0.4,1
Female,54,72,2,15.0,0
Male,71,64,7,2.0,1
Female,67,99,2,9.6,1
Female,78,60,6,1.3,1
Male,51,67,2,0.3,1
Female,58,83,8,8.5,0
Male,79,97,6,8.5,1
Female,97,74,5,8.9,1
Male,71,86,4,1.4,1
Female,82,66,3,2.3,1
Male,80,87,1,0.4,1
Male,56,88,5,2.0,1
Male,74,84,8,1.8,1
Female,81,70,4,8.7,1
Female,74,79,8,6.4,1
Male,75,93,2,0.6,1
Male,71,98,3,3.1,1
Male,77,84,3,3.8,1
Male,77,70,5,1.7,1
Female,48,80,4,9.1,0
Male,84,89,6,0.3,1
Female,72,92,10,3.9,1
Male,60,71,2,4.1,1
Female,71,66,9,15.0,0
Male,72,70,7,3.2,1
Male,79,66,2,0.8,1
Male,77,82,6,4.2,1
Female,58,87,7,22.6,0
Female,59,93,7,8.6,1
Male,82,99,4,1.8,1
Male,81,61,3,1.0,1
Female,71,74,10,7.0,1
Male,95,82,7,3.7,1
Female,58,88,7,1.7,1
Female,57,84,6,4.4,1
Female,67,73,3,17.6,0
Male,88,69,1,1.5,1
Male,89,98,2,1.7,1
Male,75,66,8,0.6,1
Male,75,76,5,14.1,0
Female,72,99,4,14.8,0
Male,87,81,7,3.0,1
Female,81,72,4,9.8,1
Male,85,96,2,4.3,1
Male,73,75,5,1.7,1
Female,64,75,3,9.1,0
Female,94,87,3,7.0,1
Female,79,71,10,8.8,1
Male,90,68,6,10.7,1
Male,79,79,5,1.2,1
Male,71,98,6,3.0,1
Female,68,82,5,4.6,1
Female,71,73,6,5.5,1
Female,74,83,3,5.8,1
Male,68,75,4,2.6,1
Female,74,66,7,5.9,1
Male,68,73,4,8.0,1
Female,61,66,6,20.1,0
Male,62,65,3,5.7,1
Female,66,91,5,10.5,1
Female,58,96,8,5.5,1
Female,73,89,3,8.9,1
Female,77,74,3,19.6,0
Female,69,86,4,4.2,1
Male,84,71,2,1.2,1
Male,74,94,8,4.1,1
Male,61,70,6,0.5,1
Male,82,89,6,9.9,1
Female,83,95,5,8.3,1
Female,90,78,5,12.6,1
Female,71,93,6,24.9,0
Male,86,69,4,2.9,1
Female,74,79,10,12.1,0
Male,67,84,10,6.4,1
Male,98,91,4,2.3,1
Male,76,62,6,9.2,0
Female,83,78,3,2.7,1
Male,70,78,7,4.1,1
Male,95,63,3,2.9,1
Male,54,71,7,5.2,1
Male,74,72,8,1.2,1
Male,78,85,5,0.5,1
Male,73,87,4,1.6,1
Male,50,94,8,2.5,1
Male,93,91,7,0.3,1
Male,82,92,3,1.1,1
Female,71,67,6,11.3,0
Male,60,87,4,2.9,1
Male,78,77,4,3.4,1
Male,89,82,7,2.1,1
Female,55,66,7,25.0,0
Female,67,94,5,12.3,0
Male,72,87,5,0.1,1
Male,79,79,7,6.1,1
Female,69,80,0,4.4,1
Male,86,60,9,1.1,1
Male,77,67,4,1.5,1
Female,78,81,11,0.6,1
Female,66,82,3,6.5,1
Female,78,60,6,13.4,0
Male,77,85,3,4.2,1
Female,67,74,3,7.8,1
Male,68,71,5,1.3,1
Male,94,69,8,3.7,1
Female,58,75,4,16.1,0
Female,86,65,7,18.9,0
Female,73,72,4,4.0,1
Female,57,91,2,10.9,0
Male,59,86,8,2.1,1
Female,54,84,4,3.2,1
Female,74,63,4,10.2,0
Male,52,64,4,4.1,1
Male,76,99,3,2.4,1
Female,63,94,7,5.0,1
Male,90,94,2,0.9,1
Female,85,83,7,2.7,1
Female,76,64,6,5.8,1
Male,64,78,3,1.7,1
Male,76,80,5,2.7,1
Male,83,99,4,2.0,1
Male,63,67,1,0.5,1
Female,78,91,4,8.6,1
Male,80,65,6,1.0,1
Female,44,98,3,4.3,1
Male,86,60,6,4.3,1
Female,72,86,5,18.0,0
Female,66,66,6,14.3,0
Female,87,67,4,19.2,0
Male,86,64,4,9.2,1
Female,97,64,8,20.8,0
Male,83,91,5,3.1,1
Male,77,98,4,2.8,1
Female,75,60,3,2.6,1
Male,73,79,1,3.4,1
Male,88,86,7,0.7,1
Female,83,85,3,2.2,1
Female,74,77,5,24.0,0
Female,73,85,6,14.0,0
Female,79,70,3,19.7,0
Male,74,87,7,3.0,1
Male,67,99,4,1.3,1
Male,72,81,4,3.7,1
Male,57,66,7,3.6,1
Female,60,68,7,2.5,1
Male,79,78,4,3.8,1
Male,76,63,5,4.6,1
Male,76,60,1,0.7,1
Male,94,76,3,0.6,1
Male,60,62,6,1.0,1
Female,79,82,2,4.7,1
Male,86,93,4,1.7,1
Female,100,92,3,5.0,1
Female,78,91,8,14.0,0
Male,61,82,6,5.6,1
Female,71,99,5,2.5,1
Female,64,72,6,7.4,1
Female,96,89,4,8.1,1
Male,68,85,2,0.9,1
Female,71,71,2,9.5,0
Female,93,87,7,3.1,1
Female,67,74,4,7.4,1
Female,91,66,5,21.0,0
Female,53,60,7,11.2,0
Male,75,69,6,0.2,1
Female,83,66,2,12.6,0
Male,60,78,2,0.4,1
Male,66,91,3,14.4,0
Male,57,74,3,8.8,0
Female,50,73,3,10.3,0
Female,97,62,4,8.8,1
Female,75,84,6,11.4,0
Female,64,68,7,6.5,1
Male,80,96,3,4.1,1
Female,71,70,6,15.0,0
Female,71,81,6,6.0,1
Male,66,62,3,1.1,1
Male,70,71,3,1.3,1
Female,89,98,6,16.3,0
Female,92,88,9,1.0,1
Female,80,63,0,19.7,0
Female,76,66,5,9.3,1
Male,75,93,2,1.0,1
Female,73,79,5,8.8,1
Female,62,89,7,0.7,1
Female,84,92,6,2.0,1
Male,79,99,3,1.5,1
Male,86,89,2,2.5,1
Male,61,66,1,2.9,1
Male,86,90,7,0.6,1
Female,66,70,7,16.4,0
Female,57,64,5,5.7,1
Male,59,74,2,1.2,1
Male,58,96,4,1.1,1
Female,84,82,1,22.3,0
Female,79,86,3,3.0,1
Female,89,95,6,17.3,0
Male,74,96,8,1.7,1
Female,69,98,4,35.3,0
Female,58,78,8,15.4,0
Female,70,89,5,8.4,1
Female,61,90,3,31.6,0
Female,73,78,5,5.7,1
Female,84,92,3,1.2,1
Male,68,70,6,1.6,1
Male,82,70,9,1.4,1
Male,88,86,5,4.7,1
Female,68,67,4,3.7,1
Female,84,89,3,10.2,1
Male,67,90,5,4.8,1
Female,83,99,5,5.6,1
Female,60,61,6,2.6,1
Male,85,78,6,2.3,1
Male,78,69,3,5.4,1
